内部管理ID,登録日時,ステータスID,ステータス,クライアント証明書名
27,2022/10/17 14:27,"0",未使用,AB29CF7EE5A97A68.pem
26,2022/10/17 14:27,1,利用中,AB29CF7EE5A97A67.pem
25,2022/10/17 14:27,1,利用中,AB29CF7EE5A97A66.pem
24,2022/10/17 14:27,1,利用中,AB29CF7EE5A97A65.pem
23,2022/10/12 18:43,1,利用中,AB29CF7EE5A97A64.pem
22,2022/10/07 10:43,1,利用中,AB29CF7EE5A97A63.pem
21,2022/10/07 09:27,"0",未使用,AB29CF7EE5A97A62.pem
20,2022/10/07 09:27,1,利用中,AB29CF7EE5A97A61.pem
19,2022/10/07 09:26,1,利用中,AB29CF7EE5A97A60.pem
18,2022/10/05 16:22,1,利用中,AB29CF7EE5A97A5F.pem
17,2022/10/05 16:22,1,利用中,AB29CF7EE5A97A5E.pem
16,2022/10/04 11:22,1,利用中,AB29CF7EE5A97A5D.pem
15,2022/09/26 12:48,1,利用中,AB29CF7EE5A97A5C.pem
14,2022/09/22 13:51,1,利用中,AB29CF7EE5A97A5B.pem
13,2022/09/20 14:21,1,利用中,AB29CF7EE5A97A5A.pem
12,2022/07/14 20:21,1,利用中,AB29CF7EE5A97A59.pem
11,2022/07/14 20:21,1,利用中,AB29CF7EE5A97A58.pem
10,2022/06/22 15:23,1,利用中,AB29CF7EE5A97A57.pem
9,2022/05/12 14:37,1,利用中,AB29CF7EE5A97A56.pem
8,2021/10/22 14:22,1,利用中,AB29CF7EE5A97A55.pem
7,2021/10/22 14:22,1,利用中,AB29CF7EE5A97A54.pem
6,2021/03/15 19:19,1,利用中,AB29CF7EE5A97A53.pem
5,2021/03/03 09:16,1,利用中,AB29CF7EE5A97A52.pem
4,2021/03/03 09:16,1,利用中,AB29CF7EE5A97A51.pem
3,2020/10/15 15:15,1,利用中,AB29CF7EE5A97A50.pem
2,2020/09/11 11:27,1,利用中,AB29CF7EE5A97A4E.pem
1,2020/09/11 11:27,1,利用中,AB29CF7EE5A97A4D.pem
