acl-libs	2.3.2-r1	Access control list utilities (libraries)
alpine-baselayout	3.6.8-r1	Alpine base dir structure and init scripts
alpine-baselayout-data	3.6.8-r1	Alpine base dir structure and init scripts
alpine-keys	2.5-r0	Public keys for Alpine Linux packages
alpine-release	3.21.3-r0	Alpine release data
apk-tools	2.14.6-r3	Alpine Package Keeper - package manager for alpine
argon2-libs	20190702-r5	The password hash Argon2, winner of PHC (libraries)
brotli-libs	1.1.0-r2	Generic lossless compressor (libraries)
busybox	1.37.0-r12	Size optimized toolbox of many common UNIX utilities
busybox-binsh	1.37.0-r12	busybox ash /bin/sh
c-ares	1.34.5-r0	Asynchronous DNS/names resolver library
ca-certificates	20241121-r1	Common CA certificates PEM files from Mozilla
ca-certificates-bundle	20241121-r1	Pre generated bundle of Mozilla certificates
curl	8.12.1-r1	URL retrival utility and library
gnu-libiconv-libs	1.17-r2	GNU charset conversion library for libc which doesn't implement it (libraries)
libcrypto3	3.3.3-r0	Crypto library from openssl
libcurl	8.12.1-r1	The multiprotocol file transfer library
libgcc	14.2.0-r4	GNU C compiler runtime libraries
libidn2	2.3.7-r0	Encode/Decode library for internationalized domain names
libncursesw	6.5_p20241006-r3	Console display library (libncursesw)
libpsl	0.21.5-r3	C library for the Publix Suffix List
libsodium	1.0.20-r0	P(ortable|ackageable) NaCl-based crypto library
libssl3	3.3.3-r0	SSL shared libraries
libunistring	1.2-r0	Library for manipulating Unicode strings and C strings
libxml2	2.13.4-r5	XML parsing library, version 2
musl	1.2.5-r9	the musl c library (libc) implementation
musl-utils	1.2.5-r9	the musl c library (libc) implementation
ncurses-terminfo-base	6.5_p20241006-r3	Descriptions of common terminals
nghttp2-libs	1.64.0-r0	HTTP/2 C client, server and proxy (libraries)
oniguruma	6.9.9-r0	a regular expressions library
oniguruma-dev	6.9.9-r0	a regular expressions library (development files)
openssl	3.3.3-r0	Toolkit for Transport Layer Security (TLS)
pkgconf	2.3.0-r0	development framework configuration tools
readline	8.2.13-r0	GNU readline library
scanelf	1.3.8-r1	Scan ELF binaries for stuff
sqlite-libs	3.48.0-r1	C library that implements an SQL database engine (libraries)
ssl_client	1.37.0-r12	External ssl_client for busybox wget
tar	1.35-r2	Utility used to store, backup, and transport files
tzdata	2025b-r0	Timezone data
xz	5.6.3-r1	Library and CLI tools for XZ and LZMA compressed files
xz-libs	5.6.3-r1	Library and CLI tools for XZ and LZMA compressed files (libraries)
zlib	1.3.1-r2	A compression/decompression Library
zstd-libs	1.5.6-r2	Zstandard - Fast real-time compression algorithm (libraries)
